id_empleado,nombre
1,María González López
2,Juan Rodríguez Martínez
3,Ana Fernández García
4,Carlos López Hernández
5,Isabel Martín Ruiz
6,Pedro Sánchez Jiménez
7,Laura Torres Morales
8,Miguel Ramírez Castillo
9,Carmen Flores Ortega
10,Roberto Herrera Delgado
11,Patricia Moreno Ruiz
12,Francisco Jiménez Vega
13,Teresa Romero Soto
14,Andrés Gil Medina
15,Mónica Vargas Peña
16,Diego Castro Navarro
17,Lucía Ramos Silva
18,Alejandro Mendoza Cruz
19,Cristina Peña Aguirre
20,Javier Ortiz Moreno
21,Beatriz Campos Reyes
22,Ricardo Vázquez Luna
23,Silvia Guerrero Téllez
24,Ernesto Cabrera Díaz
25,Valentina Rojas Herrera
26,Eduardo Morales Santos
27,Gabriela Núñez Ríos
28,Raúl Espinoza Cortés
29,Mariana Aguilar Vega
30,Sergio Domínguez Peña
31,Natalia Sandoval Torres
32,Óscar Ruiz Mendoza
33,Paola Contreras Flores
34,Arturo Salinas Guerrero
35,Lorena Pacheco Vargas
36,Héctor Cervantes Luna
37,Claudia Velázquez Soto
38,Rubén Estrada Morales
39,Daniela Herrera Castro
40,Fernando Ibáñez Ramos
41,Sofía Maldonado Silva
42,Emilio Paredes Ortega
43,Karla Medina Delgado
44,Gonzalo Rojas Navarro
45,Verónica Jiménez Cruz
46,Iván Castillo Aguirre
47,Rosa Vásquez Reyes
48,Armando Téllez Herrera
49,Alicia Guerrero Díaz
50,Pablo Moreno Cabrera
51,Elena Campos Ramos
52,Rodrigo Peña Silva
53,Julia Ortiz Mendoza
54,Mauricio Vega Torres
55,Adriana Flores Vargas
56,Tomás Herrera Luna
57,Leticia Castro Soto
58,Jorge Ramos Morales
59,Esperanza Silva Delgado
60,Manuel Mendoza Ortega
61,Carolina Vargas Navarro
62,Esteban Torres Cruz
63,Amparo Delgado Aguirre
64,Nicolás Soto Reyes
65,Dolores Morales Herrera
66,Ramón Cabrera Díaz
67,Pilar Ramos Castro
68,Antonio Silva Mendoza
69,Luz Torres Vargas
70,Víctor Ortega Luna
71,Guadalupe Morales Soto
72,Enrique Delgado Torres
73,Remedios Herrera Cruz
74,César Navarro Aguirre
75,Soledad Castro Reyes
76,Alberto Mendoza Herrera
77,Concepción Vargas Díaz
78,Rafael Torres Castro
79,Inmaculada Silva Ramos
80,Felipe Ortega Mendoza
81,Asunción Morales Vargas
82,Ignacio Delgado Luna
83,Mercedes Herrera Soto
84,Agustín Castro Torres
85,Rosario Navarro Cruz
86,Salvador Mendoza Aguirre
87,Amparo Vargas Reyes
88,Aurelio Torres Herrera
89,Consuelo Silva Díaz
90,Leopoldo Ortega Castro
91,Nieves Morales Ramos
92,Benito Delgado Mendoza
93,Encarnación Herrera Vargas
94,Blas Castro Luna
95,Purificación Torres Soto
96,Florencio Navarro Morales
97,Virtudes Mendoza Delgado
98,Crisanto Vargas Herrera
99,Milagros Silva Castro
100,Abundio Ortega Torres